USE MASTER
GO
IF DB_ID('QLSIEUTHI') IS NOT NULL
	DROP DATABASE QLSIEUTHI
GO
CREATE DATABASE QLSIEUTHI
GO
USE QLSIEUTHI
GO
-- Thêm dữ liệu vào bảng KHACHHANG
INSERT INTO KHACHHANG
VALUES
('0900000001', N'Nguyen Van A', '1990-01-01', '2023-01-01', N'THÂN THIẾT'),
('0900000002', N'Tran Thi B', '1985-05-15', '2022-06-20', N'KIM CƯƠNG'),
('0900000003', N'Le Van C', '1992-03-25', '2021-09-10', N'VÀNG'),
('0900000004', N'Pham Van D', '1988-07-19', '2020-11-30', N'BẠC'),
('0900000005', N'Do Thi E', '1995-04-10', '2019-02-14', N'ĐỒNG'),
('0900000006', N'Nguyen Van F', '1980-02-18', '2021-05-10', N'THÂN THIẾT'),
('0900000007', N'Tran Thi G', '1993-11-23', '2020-06-25', N'KIM CƯƠNG'),
('0900000008', N'Le Van H', '1987-08-14', '2019-03-12', N'VÀNG'),
('0900000009', N'Pham Van I', '1991-09-30', '2021-07-08', N'BẠC'),
('0900000010', N'Do Thi J', '1994-06-02', '2020-02-18', N'ĐỒNG'),
('0900000011', N'Nguyen Van K', '1990-12-11', '2023-01-01', N'THÂN THIẾT'),
('0900000012', N'Tran Thi L', '1985-07-25', '2022-06-20', N'KIM CƯƠNG'),
('0900000013', N'Le Van M', '1992-10-05', '2021-09-10', N'VÀNG'),
('0900000014', N'Pham Van N', '1988-03-15', '2020-11-30', N'BẠC'),
('0900000015', N'Do Thi O', '1995-11-22', '2019-02-14', N'ĐỒNG'),
('0900000016', N'Nguyen Van P', '1980-05-10', '2021-05-10', N'THÂN THIẾT'),
('0900000017', N'Tran Thi Q', '1993-04-19', '2020-06-25', N'KIM CƯƠNG'),
('0900000018', N'Le Van R', '1987-01-01', '2019-03-12', N'VÀNG'),
('0900000019', N'Pham Van S', '1991-07-07', '2021-07-08', N'BẠC'),
('0900000020', N'Do Thi T', '1994-02-02', '2020-02-18', N'ĐỒNG'),
('0900000021', N'Nguyen Van U', '1990-03-20', '2023-01-01', N'THÂN THIẾT'),
('0900000022', N'Tran Thi V', '1985-08-15', '2022-06-20', N'KIM CƯƠNG'),
('0900000023', N'Le Van W', '1992-11-11', '2021-09-10', N'VÀNG'),
('0900000024', N'Pham Van X', '1988-06-06', '2020-11-30', N'BẠC'),
('0900000025', N'Do Thi Y', '1995-09-09', '2019-02-14', N'ĐỒNG'),
('0900000026', N'Nguyen Van Z', '1980-10-10', '2021-05-10', N'THÂN THIẾT'),
('0900000027', N'Tran Thi AA', '1993-01-15', '2020-06-25', N'KIM CƯƠNG'),
('0900000028', N'Le Van BB', '1987-02-28', '2019-03-12', N'VÀNG'),
('0900000029', N'Pham Van CC', '1991-12-12', '2021-07-08', N'BẠC'),
('0900000030', N'Do Thi DD', '1994-08-08', '2020-02-18', N'ĐỒNG'),
('0900000031', N'Nguyen Van EE', '1990-04-04', '2023-01-01', N'THÂN THIẾT'),
('0900000032', N'Tran Thi FF', '1985-09-09', '2022-06-20', N'KIM CƯƠNG'),
('0900000033', N'Le Van GG', '1992-05-05', '2021-09-10', N'VÀNG'),
('0900000034', N'Pham Van HH', '1988-07-07', '2020-11-30', N'BẠC'),
('0900000035', N'Do Thi II', '1995-03-03', '2019-02-14', N'ĐỒNG'),
('0900000036', N'Nguyen Van JJ', '1980-12-12', '2021-05-10', N'THÂN THIẾT'),
('0900000037', N'Tran Thi KK', '1993-06-06', '2020-06-25', N'KIM CƯƠNG'),
('0900000038', N'Le Van LL', '1987-08-08', '2019-03-12', N'VÀNG'),
('0900000039', N'Pham Van MM', '1991-10-10', '2021-07-08', N'BẠC'),
('0900000040', N'Do Thi NN', '1994-11-11', '2020-02-18', N'ĐỒNG'),
('0900000041', N'Nguyen Van OO', '1990-06-06', '2023-01-01', N'THÂN THIẾT'),
('0900000042', N'Tran Thi PP', '1985-03-03', '2022-06-20', N'KIM CƯƠNG'),
('0900000043', N'Le Van QQ', '1992-12-12', '2021-09-10', N'VÀNG'),
('0900000044', N'Pham Van RR', '1988-05-05', '2020-11-30', N'BẠC'),
('0900000045', N'Do Thi SS', '1995-01-01', '2019-02-14', N'ĐỒNG'),
('0900000046', N'Nguyen Van TT', '1980-07-07', '2021-05-10', N'THÂN THIẾT'),
('0900000047', N'Tran Thi UU', '1993-09-09', '2020-06-25', N'KIM CƯƠNG'),
('0900000048', N'Le Van VV', '1987-10-10', '2019-03-12', N'VÀNG'),
('0900000049', N'Pham Van WW', '1991-11-11', '2021-07-08', N'BẠC'),
('0900000050', N'Do Thi XX', '1994-04-04', '2020-02-18', N'ĐỒNG');


-- Thêm dữ liệu vào bảng LSMUAHANG
INSERT INTO LSMUAHANG
VALUES
('0900000001', '2023-01-15 10:00:00', 120000),
('0900000002', '2023-02-20 11:30:00', 150000),
('0900000003', '2023-03-10 14:20:00', 200000),
('0900000004', '2023-04-10 16:00:00', 300000),
('0900000005', '2023-05-20 13:45:00', 250000),
('0900000006', '2023-06-10 12:30:00', 180000),
('0900000007', '2023-07-15 14:00:00', 220000),
('0900000008', '2023-08-20 15:30:00', 170000),
('0900000009', '2023-09-25 09:20:00', 260000),
('0900000010', '2023-10-10 17:15:00', 300000),
('0900000011', '2023-11-05 08:30:00', 150000),
('0900000012', '2023-12-15 19:45:00', 180000),
('0900000013', '2023-11-10 11:50:00', 220000),
('0900000014', '2023-10-20 16:10:00', 300000),
('0900000015', '2023-09-15 10:30:00', 250000),
('0900000016', '2023-08-12 13:25:00', 180000),
('0900000017', '2023-07-05 15:45:00', 220000),
('0900000018', '2023-06-25 18:15:00', 170000),
('0900000019', '2023-05-30 20:30:00', 260000),
('0900000020', '2023-04-15 09:10:00', 300000),
('0900000021', '2023-03-20 14:20:00', 150000),
('0900000022', '2023-02-25 17:30:00', 180000),
('0900000023', '2023-01-22 19:00:00', 220000),
('0900000024', '2023-12-05 10:00:00', 300000),
('0900000025', '2023-11-11 11:30:00', 250000),
('0900000026', '2023-10-01 13:40:00', 180000),
('0900000027', '2023-09-08 15:50:00', 220000),
('0900000028', '2023-08-22 18:00:00', 170000),
('0900000029', '2023-07-30 20:15:00', 260000),
('0900000030', '2023-06-20 09:25:00', 300000),
('0900000031', '2023-05-15 11:00:00', 150000),
('0900000032', '2023-04-10 12:45:00', 180000),
('0900000033', '2023-03-05 14:20:00', 220000),
('0900000034', '2023-02-02 16:35:00', 300000),
('0900000035', '2023-01-12 19:50:00', 250000),
('0900000036', '2023-12-18 20:10:00', 180000),
('0900000037', '2023-11-07 09:15:00', 220000),
('0900000038', '2023-10-25 10:30:00', 170000),
('0900000039', '2023-09-15 13:45:00', 260000),
('0900000040', '2023-08-10 16:00:00', 300000),
('0900000041', '2023-07-01 18:10:00', 150000),
('0900000042', '2023-06-15 19:25:00', 180000),
('0900000043', '2023-05-20 09:50:00', 220000),
('0900000044', '2023-04-10 11:35:00', 300000),
('0900000045', '2023-03-25 13:20:00', 250000),
('0900000046', '2023-02-12 15:45:00', 180000),
('0900000047', '2023-01-18 17:10:00', 220000),
('0900000048', '2023-12-28 19:30:00', 170000),
('0900000049', '2023-11-05 20:45:00', 260000),
('0900000050', '2023-10-01 09:00:00', 300000);

-- Thêm dữ liệu vào bảng PHIEUMUAHANG
INSERT INTO PHIEUMUAHANG
VALUES
('PMH00001', '0900000001', '2023-01-10', '2023-01-30', 120000, 1),
('PMH00002', '0900000002', '2023-02-10', '2023-02-28', 150000, 1),
('PMH00003', '0900000003', '2023-03-01', '2023-03-15', 200000, 0),
('PMH00004', '0900000004', '2023-04-05', '2023-04-20', 300000, 1),
('PMH00005', '0900000005', '2023-05-10', '2023-05-30', 250000, 1),
('PMH00006', '0900000006', '2023-06-01', '2023-06-15', 180000, 0),
('PMH00007', '0900000007', '2023-07-01', '2023-07-20', 220000, 1),
('PMH00008', '0900000008', '2023-08-15', '2023-08-31', 170000, 0),
('PMH00009', '0900000009', '2023-09-10', '2023-09-25', 260000, 1),
('PMH00010', '0900000010', '2023-10-05', '2023-10-20', 300000, 1),
('PMH00011', '0900000011', '2023-11-01', '2023-11-15', 150000, 0),
('PMH00012', '0900000012', '2023-12-01', '2023-12-20', 180000, 1),
('PMH00013', '0900000013', '2023-11-10', '2023-11-25', 220000, 0),
('PMH00014', '0900000014', '2023-10-15', '2023-10-31', 300000, 1),
('PMH00015', '0900000015', '2023-09-01', '2023-09-15', 250000, 1),
('PMH00016', '0900000016', '2023-08-05', '2023-08-20', 180000, 0),
('PMH00017', '0900000017', '2023-07-01', '2023-07-15', 220000, 1),
('PMH00018', '0900000018', '2023-06-15', '2023-06-30', 170000, 0),
('PMH00019', '0900000019', '2023-05-10', '2023-05-25', 260000, 1),
('PMH00020', '0900000020', '2023-04-01', '2023-04-15', 300000, 1),
('PMH00021', '0900000021', '2023-03-10', '2023-03-30', 150000, 0),
('PMH00022', '0900000022', '2023-02-01', '2023-02-20', 180000, 1),
('PMH00023', '0900000023', '2023-01-01', '2023-01-15', 220000, 0),
('PMH00024', '0900000024', '2023-12-15', '2023-12-31', 300000, 1),
('PMH00025', '0900000025', '2023-11-01', '2023-11-20', 250000, 1),
('PMH00026', '0900000026', '2023-10-10', '2023-10-25', 180000, 0),
('PMH00027', '0900000027', '2023-09-15', '2023-09-30', 220000, 1),
('PMH00028', '0900000028', '2023-08-10', '2023-08-25', 170000, 0),
('PMH00029', '0900000029', '2023-07-05', '2023-07-20', 260000, 1),
('PMH00030', '0900000030', '2023-06-01', '2023-06-15', 300000, 1),
('PMH00031', '0900000031', '2023-05-01', '2023-05-20', 150000, 0),
('PMH00032', '0900000032', '2023-04-01', '2023-04-15', 180000, 1),
('PMH00033', '0900000033', '2023-03-01', '2023-03-20', 220000, 0),
('PMH00034', '0900000034', '2023-02-10', '2023-02-28', 300000, 1),
('PMH00035', '0900000035', '2023-01-15', '2023-01-30', 250000, 1),
('PMH00036', '0900000036', '2023-12-01', '2023-12-15', 180000, 0),
('PMH00037', '0900000037', '2023-11-10', '2023-11-25', 220000, 1),
('PMH00038', '0900000038', '2023-10-05', '2023-10-20', 170000, 0),
('PMH00039', '0900000039', '2023-09-01', '2023-09-15', 260000, 1),
('PMH00040', '0900000040', '2023-08-01', '2023-08-20', 300000, 1),
('PMH00041', '0900000041', '2023-07-01', '2023-07-15', 150000, 0),
('PMH00042', '0900000042', '2023-06-15', '2023-06-30', 180000, 1),
('PMH00043', '0900000043', '2023-05-10', '2023-05-25', 220000, 0),
('PMH00044', '0900000044', '2023-04-01', '2023-04-20', 300000, 1),
('PMH00045', '0900000045', '2023-03-15', '2023-03-31', 250000, 1),
('PMH00046', '0900000046', '2023-02-01', '2023-02-15', 180000, 0),
('PMH00047', '0900000047', '2023-01-01', '2023-01-20', 220000, 1),
('PMH00048', '0900000048', '2023-12-15', '2023-12-31', 170000, 0),
('PMH00049', '0900000049', '2023-11-01', '2023-11-15', 260000, 1),
('PMH00050', '0900000050', '2023-10-01', '2023-10-20', 300000, 1);

-- Thêm dữ liệu vào bảng DANHMUC
INSERT INTO DANHMUC
VALUES
(1, N'Điện tử'),
(2, N'Gia dụng'),
(3, N'Thực phẩm'),
(4, N'Mỹ phẩm'),
(5, N'Thiết bị văn phòng'),
(6, N'Xe cộ'),
(7, N'Nội thất'),
(8, N'Dụng cụ thể thao'),
(9, N'Quần áo'),
(10, N'Sách báo'),
(11, N'Đồ chơi trẻ em'),
(12, N'Đồ gia đình'),
(13, N'Thời trang'),
(14, N'Điện thoại'),
(15, N'Phụ kiện điện tử'),
(16, N'Hóa mỹ phẩm'),
(17, N'Dược phẩm'),
(18, N'Vật liệu xây dựng'),
(19, N'Chăm sóc sức khỏe'),
(20, N'Dịch vụ bảo hiểm'),
(21, N'Đồ uống'),
(22, N'Hàng tiêu dùng nhanh'),
(23, N'Dụng cụ học tập'),
(24, N'Dụng cụ làm bếp'),
(25, N'Sản phẩm hữu cơ'),
(26, N'Dịch vụ làm đẹp'),
(27, N'Đồ cũ'),
(28, N'Điện lạnh'),
(29, N'Phụ tùng ô tô'),
(30, N'Hàng nhập khẩu'),
(31, N'Thiết bị y tế'),
(32, N'Dịch vụ vận chuyển'),
(33, N'Thiết bị công nghiệp'),
(34, N'Dụng cụ cơ khí'),
(35, N'Văn phòng phẩm'),
(36, N'Hàng thủ công mỹ nghệ'),
(37, N'Thiết bị chiếu sáng'),
(38, N'Hàng thời vụ'),
(39, N'Thiết bị an ninh'),
(40, N'Hàng hóa kỹ thuật số'),
(41, N'Âm thanh & Hình ảnh'),
(42, N'Hàng trang trí nội thất'),
(43, N'Dụng cụ câu cá'),
(44, N'Thú cưng & Phụ kiện'),
(45, N'Sản phẩm chăm sóc tóc'),
(46, N'Dụng cụ sửa chữa'),
(47, N'Dịch vụ vệ sinh'),
(48, N'Sản phẩm làm đẹp'),
(49, N'Dịch vụ tổ chức sự kiện'),
(50, N'Dụng cụ thể dục');

-- Thêm dữ liệu vào bảng NHASX
INSERT INTO NHASX
VALUES
(1, 'Sony', '0909123456'),
(2, 'Samsung', '0908123456'),
(3, 'LG', '0907123456'),
(4, 'Panasonic', '0906123456'),
(5, 'Toshiba', '0905123456'),
(6, 'Apple', '0904123456'),
(7, 'Dell', '0903123456'),
(8, 'HP', '0902123456'),
(9, 'Asus', '0901123456'),
(10, 'Acer', '0900132456'),
(11, 'Lenovo', '0910123456'),
(12, 'Xiaomi', '0911123456'),
(13, 'Oppo', '0912123456'),
(14, 'Vivo', '0913123456'),
(15, 'Huawei', '0914123456'),
(16, 'Nokia', '0915123456'),
(17, 'Realme', '0916123456'),
(18, 'OnePlus', '0917123456'),
(19, 'Microsoft', '0918123456'),
(20, 'Google', '0919123456'),
(21, 'Sony Pictures', '0920123456'),
(22, 'Canon', '0921123456'),
(23, 'Nikon', '0922123456'),
(24, 'Fujifilm', '0923123456'),
(25, 'Kodak', '0924123456'),
(26, 'Casio', '0925123456'),
(27, 'Philips', '0926123456'),
(28, 'Sharp', '0927123456'),
(29, 'Hitachi', '0928123456'),
(30, 'Sanyo', '0929123456'),
(31, 'Beko', '0930123456'),
(32, 'Hisense', '0931123456'),
(33, 'Haier', '0932123456'),
(34, 'Bosch', '0933123456'),
(35, 'Dyson', '0934123456'),
(36, 'Midea', '0935123456'),
(37, 'Daikin', '0936123456'),
(38, 'Carrier', '0937123456'),
(39, 'Trane', '0938123456'),
(40, 'Whirlpool', '0939123456'),
(41, 'Electrolux', '0940123456'),
(42, 'KitchenAid', '0941123456'),
(43, 'Frigidaire', '0942123456'),
(44, 'GE Appliances', '0943123456'),
(45, 'Thermador', '0944123456'),
(46, 'Amana', '0945123456'),
(47, 'Sub-Zero', '0946123456'),
(48, 'Maytag', '0947123456'),
(49, 'Magic Chef', '0948123456'),
(50, 'Viking', '0949123456');

-- Thêm dữ liệu vào bảng SANPHAM
INSERT INTO SANPHAM
VALUES
(1, N'Tivi Sony 55 inch', N'Tivi độ phân giải 4K', 1, 15000000, 10, 1, 100, 200),
(2, N'Tủ lạnh Samsung', N'Tủ lạnh 300L', 2, 12000000, 15, 2, 50, 100),
(3, N'Máy giặt LG', N'Máy giặt lồng ngang', 3, 8000000, 20, 2, 60, 120),
(4, N'Máy lạnh Panasonic', N'Máy lạnh 1.5HP', 4, 10000000, 25, 1, 70, 140),
(5, N'Máy tính Dell', N'Máy tính xách tay 15 inch', 7, 20000000, 5, 1, 40, 80),
(6, N'Tai nghe Sony', N'Tai nghe không dây', 1, 3000000, 10, 15, 150, 300),
(7, N'Smartphone Samsung', N'Dòng Galaxy S', 2, 25000000, 20, 14, 200, 400),
(8, N'Máy ảnh Canon', N'Máy ảnh chuyên nghiệp', 22, 30000000, 15, 40, 50, 100),
(9, N'Bếp từ Toshiba', N'Bếp từ đôi', 5, 8000000, 12, 24, 80, 160),
(10, N'Máy hút bụi Dyson', N'Máy hút bụi không dây', 35, 15000000, 18, 2, 60, 120),
(11, N'Smartphone Apple', N'iPhone 14 Pro Max', 6, 35000000, 5, 14, 300, 500),
(12, N'Máy lọc không khí Sharp', N'Lọc không khí di động', 28, 7000000, 10, 1, 100, 200),
(13, N'Máy chiếu Epson', N'Máy chiếu HD', 10, 12000000, 15, 5, 50, 100),
(14, N'Máy xay sinh tố Philips', N'Dung tích 1.5L', 27, 2000000, 5, 24, 80, 160),
(15, N'Camera giám sát Hikvision', N'Camera hồng ngoại', 39, 3000000, 8, 2, 70, 140),
(16, N'Bàn phím cơ Logitech', N'Bàn phím gaming RGB', 8, 2500000, 12, 15, 150, 300),
(17, N'Máy in HP LaserJet', N'Máy in đen trắng', 8, 5000000, 10, 5, 60, 120),
(18, N'Ổ cứng di động Seagate', N'Dung lượng 2TB', 34, 3500000, 15, 15, 100, 200),
(19, N'Laptop Asus VivoBook', N'Laptop văn phòng', 9, 18000000, 10, 1, 40, 80),
(20, N'Tủ đông Sanaky', N'Tủ đông 200L', 30, 10000000, 12, 2, 50, 100),
(21, N'Máy cạo râu Philips', N'Máy cạo râu không dây', 27, 1200000, 5, 16, 200, 400),
(22, N'Smartwatch Garmin', N'Đồng hồ thông minh thể thao', 37, 8000000, 10, 8, 50, 100),
(23, N'Tủ sấy quần áo Xiaomi', N'Tủ sấy thông minh', 12, 5000000, 15, 9, 60, 120),
(24, N'Máy ép trái cây Kuvings', N'Máy ép chậm', 29, 9000000, 12, 24, 80, 160),
(25, N'Máy rửa bát Bosch', N'Máy rửa bát 12 bộ', 34, 20000000, 20, 2, 40, 80),
(26, N'Điện thoại Nokia 3310', N'Huyền thoại', 16, 500000, 0, 14, 150, 300),
(27, N'Máy pha cà phê DeLonghi', N'Máy pha cà phê tự động', 34, 15000000, 18, 24, 100, 200),
(28, N'Máy xay thịt Panasonic', N'Xay thịt đa năng', 4, 4000000, 10, 24, 80, 160),
(29, N'Quạt điều hòa Midea', N'Quạt điều hòa 50L', 36, 6000000, 12, 2, 70, 140),
(30, N'Máy hút mùi Electrolux', N'Hút mùi nhà bếp', 41, 7000000, 15, 24, 60, 120),
(31, N'Tivi LG OLED', N'Tivi 65 inch', 3, 50000000, 10, 1, 40, 80),
(32, N'Loa Bluetooth JBL', N'Loa di động chống nước', 22, 3000000, 15, 41, 200, 400),
(33, N'Máy tính bảng Samsung', N'Galaxy Tab S8', 2, 20000000, 10, 14, 50, 100),
(34, N'Sạc dự phòng Anker', N'Dung lượng 20,000mAh', 45, 1000000, 20, 15, 150, 300),
(35, N'Máy khoan cầm tay Bosch', N'Máy khoan pin', 34, 3500000, 8, 46, 100, 200),
(36, N'Tủ quần áo IKEA', N'Tủ 3 cánh', 7, 10000000, 5, 7, 60, 120),
(37, N'Bàn làm việc Hòa Phát', N'Bàn gỗ công nghiệp', 7, 4000000, 10, 5, 80, 160),
(38, N'Sách Harry Potter', N'Tập 1', 10, 200000, 0, 10, 100, 200),
(39, N'Bộ cờ vua gỗ', N'Sản phẩm thủ công', 36, 500000, 10, 11, 50, 100),
(40, N'Đèn ngủ thông minh Xiaomi', N'Điều khiển qua app', 12, 1500000, 5, 37, 150, 300),
(41, N'Chậu rửa bát Inox', N'Chậu đôi', 5, 3000000, 10, 24, 70, 140),
(42, N'Balo du lịch The North Face', N'Chống thấm nước', 43, 2500000, 15, 9, 100, 200),
(43, N'Xe đạp thể thao Giant', N'Khung nhôm', 6, 12000000, 10, 8, 50, 100),
(44, N'Dàn âm thanh Sony', N'Dàn âm thanh 5.1', 1, 25000000, 8, 41, 30, 60),
(45, N'Máy làm sữa hạt', N'Sữa hạt tự động', 29, 6000000, 10, 24, 50, 100),
(46, N'Tai nghe Bluetooth Bose', N'Chống ồn chủ động', 1, 8000000, 12, 15, 40, 80),
(47, N'Dầu gội Pantene', N'Chăm sóc tóc', 16, 150000, 0, 45, 300, 500),
(48, N'Đồng hồ treo tường Seiko', N'Thiết kế cổ điển', 27, 3000000, 10, 7, 50, 100),
(49, N'Nồi chiên không dầu Philips', N'Dung tích 5L', 27, 5000000, 8, 24, 70, 140),
(50, N'Dép Crocs', N'Dép chống nước', 9, 1000000, 20, 9, 200, 400);

-- Thêm dữ liệu vào bảng KHUYENMAI
INSERT INTO KHUYENMAI
VALUES
(11, N'Flash-sale', '2023-12-01', '2023-12-31', 100),
(12, N'Combo-sale', '2023-12-01', '2023-12-31', 50),
(13, N'Member-sale', '2023-12-01', '2023-12-31', 200),
(1, N'Flash Sale', '2024-01-01 00:00:00', '2024-01-10 23:59:59', 500),
(2, N'Combo Sale', '2024-02-01 00:00:00', '2024-02-10 23:59:59', 300),
(3, N'Member Sale', '2024-03-01 00:00:00', '2024-03-10 23:59:59', 200),
(4, N'Flash Sale', '2024-04-01 00:00:00', '2024-04-10 23:59:59', 400),
(5, N'Combo Sale', '2024-05-01 00:00:00', '2024-05-10 23:59:59', 350),
(6, N'Member Sale', '2024-06-01 00:00:00', '2024-06-10 23:59:59', 450),
(7, N'Flash Sale', '2024-07-01 00:00:00', '2024-07-10 23:59:59', 600),
(8, N'Combo Sale', '2024-08-01 00:00:00', '2024-08-10 23:59:59', 700),
(9, N'Member Sale', '2024-09-01 00:00:00', '2024-09-10 23:59:59', 1000),
(10, N'Flash Sale', '2024-10-01 00:00:00', '2024-10-10 23:59:59', 800);

-- Thêm dữ liệu vào bảng KHUYENMAI_KHACHHANG
INSERT INTO KHUYENMAI_KHACHHANG
VALUES
(1, N'THÂN THIẾT', 5),
(1, N'ĐỒNG', 10),
(1, N'BẠC', 15),
(1, N'VÀNG', 20),
(1, N'KIM CƯƠNG', 25),
(2, N'THÂN THIẾT', 5),
(2, N'ĐỒNG', 10),
(2, N'BẠC', 15),
(2, N'VÀNG', 20),
(2, N'KIM CƯƠNG', 25),
(3, N'THÂN THIẾT', 10),
(3, N'ĐỒNG', 15),
(3, N'BẠC', 20),
(3, N'VÀNG', 25),
(3, N'KIM CƯƠNG', 30),
(4, N'THÂN THIẾT', 5),
(4, N'ĐỒNG', 10),
(4, N'BẠC', 15),
(4, N'VÀNG', 20),
(4, N'KIM CƯƠNG', 25),
(5, N'THÂN THIẾT', 10),
(5, N'ĐỒNG', 15),
(5, N'BẠC', 20),
(5, N'VÀNG', 25),
(5, N'KIM CƯƠNG', 30),
(6, N'THÂN THIẾT', 10),
(6, N'ĐỒNG', 20),
(6, N'BẠC', 25),
(6, N'VÀNG', 30),
(6, N'KIM CƯƠNG', 35),
(7, N'THÂN THIẾT', 15),
(7, N'ĐỒNG', 20),
(7, N'BẠC', 25),
(7, N'VÀNG', 30),
(7, N'KIM CƯƠNG', 35),
(8, N'THÂN THIẾT', 10),
(8, N'ĐỒNG', 20),
(8, N'BẠC', 30),
(8, N'VÀNG', 35),
(8, N'KIM CƯƠNG', 40),
(9, N'THÂN THIẾT', 20),
(9, N'ĐỒNG', 30),
(9, N'BẠC', 35),
(9, N'VÀNG', 40),
(9, N'KIM CƯƠNG', 45),
(10, N'THÂN THIẾT', 15),
(10, N'ĐỒNG', 25),
(10, N'BẠC', 30),
(10, N'VÀNG', 35),
(10, N'KIM CƯƠNG', 40);

-- Thêm dữ liệu vào bảng SANPHAM_KHUYENMAI
INSERT INTO SANPHAM_KHUYENMAI
VALUES
(1, 1, 50),
(2, 1, 100),
(3, 2, 70),
(4, 2, 80),
(5, 3, 30),
(6, 3, 60),
(7, 4, 40),
(8, 4, 50),
(9, 5, 20),
(10, 5, 30),
(11, 6, 90),
(12, 6, 100),
(13, 7, 50),
(14, 7, 60),
(15, 8, 70),
(16, 8, 80),
(17, 9, 30),
(18, 9, 50),
(19, 10, 40),
(20, 10, 60),
(21, 1, 20),
(22, 2, 40),
(23, 3, 50),
(24, 4, 70),
(25, 5, 30),
(26, 6, 60),
(27, 7, 80),
(28, 8, 90),
(29, 9, 100),
(30, 10, 20),
(31, 1, 50),
(32, 2, 60),
(33, 3, 70),
(34, 4, 80),
(35, 5, 90),
(36, 6, 100),
(37, 7, 20),
(38, 8, 30),
(39, 9, 40),
(40, 10, 50),
(41, 1, 60),
(42, 2, 70),
(43, 3, 80),
(44, 4, 90),
(45, 5, 100),
(46, 6, 30),
(47, 7, 40),
(48, 8, 50),
(49, 9, 60),
(50, 10, 70);

-- Thêm dữ liệu vào bảng DONHANG
INSERT INTO DONHANG
VALUES
(1, '0900000001', '2024-01-01 10:00:00', 150000),
(2, '0900000002', '2024-01-02 11:00:00', 250000),
(3, '0900000003', '2024-01-03 09:30:00', 350000),
(4, '0900000004', '2024-01-04 14:00:00', 450000),
(5, '0900000005', '2024-01-05 16:30:00', 550000),
(6, '0900000006', '2024-01-06 10:15:00', 650000),
(7, '0900000007', '2024-01-07 12:45:00', 750000),
(8, '0900000008', '2024-01-08 13:30:00', 850000),
(9, '0900000009', '2024-01-09 15:00:00', 950000),
(10, '0900000010', '2024-01-10 17:00:00', 1050000),
(11, '0900000011', '2024-01-11 18:00:00', 1150000),
(12, '0900000012', '2024-01-12 19:30:00', 1250000),
(13, '0900000013', '2024-01-13 20:00:00', 1350000),
(14, '0900000014', '2024-01-14 21:00:00', 1450000),
(15, '0900000015', '2024-01-15 08:30:00', 1550000),
(16, '0900000016', '2024-01-16 09:45:00', 1650000),
(17, '0900000017', '2024-01-17 10:00:00', 1750000),
(18, '0900000018', '2024-01-18 11:00:00', 1850000),
(19, '0900000019', '2024-01-19 12:30:00', 1950000),
(20, '0900000020', '2024-01-20 13:00:00', 2050000),
(21, '0900000021', '2024-01-21 14:00:00', 2150000),
(22, '0900000022', '2024-01-22 15:00:00', 2250000),
(23, '0900000023', '2024-01-23 16:00:00', 2350000),
(24, '0900000024', '2024-01-24 17:00:00', 2450000),
(25, '0900000025', '2024-01-25 18:30:00', 2550000),
(26, '0900000026', '2024-01-26 19:00:00', 2650000),
(27, '0900000027', '2024-01-27 20:00:00', 2750000),
(28, '0900000028', '2024-01-28 21:00:00', 2850000),
(29, '0900000029', '2024-01-29 08:30:00', 2950000),
(30, '0900000030', '2024-01-30 09:45:00', 3050000),
(31, '0900000031', '2024-02-01 10:00:00', 3150000),
(32, '0900000032', '2024-02-02 11:00:00', 3250000),
(33, '0900000033', '2024-02-03 12:30:00', 3350000),
(34, '0900000034', '2024-02-04 13:00:00', 3450000),
(35, '0900000035', '2024-02-05 14:00:00', 3550000),
(36, '0900000036', '2024-02-06 15:00:00', 3650000),
(37, '0900000037', '2024-02-07 16:00:00', 3750000),
(38, '0900000038', '2024-02-08 17:00:00', 3850000),
(39, '0900000039', '2024-02-09 18:30:00', 3950000),
(40, '0900000040', '2024-02-10 19:00:00', 4050000),
(41, '0900000041', '2024-02-11 20:00:00', 4150000),
(42, '0900000042', '2024-02-12 21:00:00', 4250000),
(43, '0900000043', '2024-02-13 08:30:00', 4350000),
(44, '0900000044', '2024-02-14 09:45:00', 4450000),
(45, '0900000045', '2024-02-15 10:00:00', 4550000),
(46, '0900000046', '2024-02-16 11:00:00', 4650000),
(47, '0900000047', '2024-02-17 12:30:00', 4750000),
(48, '0900000048', '2024-02-18 13:00:00', 4850000),
(49, '0900000049', '2024-02-19 14:00:00', 4950000),
(50, '0900000050', '2024-02-20 15:00:00', 5050000);

-- Lặp lại để thêm tổng cộng 50 dòng.

-- Thêm dữ liệu vào bảng CHI_TIET_DON_HANG
INSERT INTO CHI_TIET_DON_HANG
VALUES
(1, 1, 1, 2, 4500000, 1),
(2, 1, 2, 1, 7200000, 1),
(3, 2, 3, 1, 5700000, 2);
-- Lặp lại để thêm tổng cộng 50 dòng.

-- Thêm dữ liệu vào bảng DONDATHANG
INSERT INTO DONDATHANG
VALUES
(1, 1, '2023-12-15', 'Đang chờ', 50),
(2, 2, '2023-12-16', 'Hoàn thành', 30),
(3, 3, '2023-12-17', 'Đang chờ', 20);
-- Lặp lại để thêm tổng cộng 50 dòng.

-- Thêm dữ liệu vào bảng NHANHANG
INSERT INTO NHANHANG
VALUES
(1, 1, '2023-12-20', 45),
(2, 2, '2023-12-21', 30),
(3, 3, '2023-12-22', 20);
-- Lặp lại để thêm tổng cộng 50 dòng.

-- Thêm dữ liệu vào bảng BAOCAONGAY
INSERT INTO BAOCAONGAY
VALUES
('2023-12-01', 10, 15000000),
('2023-12-02', 20, 20000000),
('2023-12-03', 15, 17000000);
-- Lặp lại để thêm tổng cộng 50 dòng.

-- Thêm dữ liệu vào bảng BAOCAOSP
INSERT INTO BAOCAOSP
VALUES
('2023-12-01', 1, 5, 3),
('2023-12-01', 2, 3, 2),
('2023-12-01', 3, 2, 1);
-- Lặp lại để thêm tổng cộng 50 dòng.
