USE MASTER
GO
IF DB_ID('SupermarketDB') IS NOT NULL
	DROP DATABASE SupermarketDB;
GO
CREATE DATABASE SupermarketDB;
GO
USE SupermarketDB;
GO
-- Thêm dữ liệu vào bảng KHACHHANG
INSERT INTO KHACHHANG
VALUES
('0900000001', N'Nguyen Van A', '1990-01-01', '2023-01-01', '2024-01-01', N'THÂN THIẾT'),
('0900000002', N'Tran Thi B', '1985-05-15', '2022-06-20', '2024-01-01', N'KIM CƯƠNG'),
('0900000003', N'Le Van C', '1992-03-25', '2021-09-10', '2024-01-01', N'VÀNG'),
('0900000004', N'Pham Van D', '1988-07-19', '2020-11-30', '2024-01-01', N'BẠC'),
('0900000005', N'Do Thi E', '1995-04-10', '2019-02-14', '2024-01-01', N'ĐỒNG'),
('0900000006', N'Nguyen Van F', '1980-02-18', '2021-05-10', '2024-01-01', N'THÂN THIẾT'),
('0900000007', N'Tran Thi G', '1993-11-23', '2020-06-25', '2024-01-01', N'KIM CƯƠNG'),
('0900000008', N'Le Van H', '1987-08-14', '2019-03-12', '2024-01-01', N'VÀNG'),
('0900000009', N'Pham Van I', '1991-09-30', '2021-07-08', '2024-01-01', N'BẠC'),
('0900000010', N'Do Thi J', '1994-06-02', '2020-02-18', '2024-01-01', N'ĐỒNG'),
('0900000011', N'Nguyen Van K', '1990-12-11', '2023-01-01', '2024-01-01', N'THÂN THIẾT'),
('0900000012', N'Tran Thi L', '1985-07-25', '2022-06-20', '2024-01-01', N'KIM CƯƠNG'),
('0900000013', N'Le Van M', '1992-10-05', '2021-09-10', '2024-01-01', N'VÀNG'),
('0900000014', N'Pham Van N', '1988-03-15', '2020-11-30', '2024-01-01', N'BẠC'),
('0900000015', N'Do Thi O', '1995-11-22', '2019-02-14', '2024-01-01', N'ĐỒNG'),
('0900000016', N'Nguyen Van P', '1980-05-10', '2021-05-10', '2024-01-01', N'THÂN THIẾT'),
('0900000017', N'Tran Thi Q', '1993-04-19', '2020-06-25', '2024-01-01', N'KIM CƯƠNG'),
('0900000018', N'Le Van R', '1987-01-01', '2019-03-12', '2024-01-01', N'VÀNG'),
('0900000019', N'Pham Van S', '1991-07-07', '2021-07-08', '2024-01-01', N'BẠC'),
('0900000020', N'Do Thi T', '1994-02-02', '2020-02-18', '2024-01-01', N'ĐỒNG'),
('0900000021', N'Nguyen Van U', '1990-03-20', '2023-01-01', '2024-01-01', N'THÂN THIẾT'),
('0900000022', N'Tran Thi V', '1985-08-15', '2022-06-20', '2024-01-01', N'KIM CƯƠNG'),
('0900000023', N'Le Van W', '1992-11-11', '2021-09-10', '2024-01-01', N'VÀNG'),
('0900000024', N'Pham Van X', '1988-06-06', '2020-11-30', '2024-01-01', N'BẠC'),
('0900000025', N'Do Thi Y', '1995-09-09', '2019-02-14', '2024-01-01', N'ĐỒNG'),
('0900000026', N'Nguyen Van Z', '1980-10-10', '2021-05-10', '2024-01-01', N'THÂN THIẾT'),
('0900000027', N'Tran Thi AA', '1993-01-15', '2020-06-25', '2024-01-01', N'KIM CƯƠNG'),
('0900000028', N'Le Van BB', '1987-02-28', '2019-03-12', '2024-01-01', N'VÀNG'),
('0900000029', N'Pham Van CC', '1991-12-12', '2021-07-08', '2024-01-01', N'BẠC'),
('0900000030', N'Do Thi DD', '1994-08-08', '2020-02-18', '2024-01-01', N'ĐỒNG'),
('0900000031', N'Nguyen Van EE', '1990-04-04', '2023-01-01', '2024-01-01', N'THÂN THIẾT'),
('0900000032', N'Tran Thi FF', '1985-09-09', '2022-06-20', '2024-01-01', N'KIM CƯƠNG'),
('0900000033', N'Le Van GG', '1992-05-05', '2021-09-10', '2024-01-01', N'VÀNG'),
('0900000034', N'Pham Van HH', '1988-07-07', '2020-11-30', '2024-01-01', N'BẠC'),
('0900000035', N'Do Thi II', '1995-03-03', '2019-02-14', '2024-01-01', N'ĐỒNG'),
('0900000036', N'Nguyen Van JJ', '1980-12-12', '2021-05-10', '2024-01-01', N'THÂN THIẾT'),
('0900000037', N'Tran Thi KK', '1993-06-06', '2020-06-25', '2024-01-01', N'KIM CƯƠNG'),
('0900000038', N'Le Van LL', '1987-08-08', '2019-03-12', '2024-01-01', N'VÀNG'),
('0900000039', N'Pham Van MM', '1991-10-10', '2021-07-08', '2024-01-01', N'BẠC'),
('0900000040', N'Do Thi NN', '1994-11-11', '2020-02-18', '2024-01-01', N'ĐỒNG'),
('0900000041', N'Nguyen Van OO', '1990-06-06', '2023-01-01', '2024-01-01', N'THÂN THIẾT'),
('0900000042', N'Tran Thi PP', '1985-03-03', '2022-06-20', '2024-01-01', N'KIM CƯƠNG'),
('0900000043', N'Le Van QQ', '1992-12-12', '2021-09-10', '2024-01-01', N'VÀNG'),
('0900000044', N'Pham Van RR', '1988-05-05', '2020-11-30', '2024-01-01', N'BẠC'),
('0900000045', N'Do Thi SS', '1995-01-01', '2019-02-14', '2024-01-01', N'ĐỒNG'),
('0900000046', N'Nguyen Van TT', '1980-07-07', '2021-05-10', '2024-01-01', N'THÂN THIẾT'),
('0900000047', N'Tran Thi UU', '1993-09-09', '2020-06-25', '2024-01-01', N'KIM CƯƠNG'),
('0900000048', N'Le Van VV', '1987-10-10', '2019-03-12', '2024-01-01', N'VÀNG'),
('0900000049', N'Pham Van WW', '1991-11-11', '2021-07-08', '2024-01-01', N'BẠC'),
('0900000050', N'Do Thi XX', '1994-04-04', '2020-02-18', '2024-01-01', N'ĐỒNG');


-- Thêm dữ liệu vào bảng LSMUAHANG
INSERT INTO LSMUAHANG
VALUES
('0900000001', '2023-01-15 10:00:00', 120000),
('0900000002', '2023-02-20 11:30:00', 150000),
('0900000003', '2023-03-10 14:20:00', 200000),
('0900000004', '2023-04-10 16:00:00', 300000),
('0900000005', '2023-05-20 13:45:00', 250000),
('0900000006', '2023-06-10 12:30:00', 180000),
('0900000007', '2023-07-15 14:00:00', 220000),
('0900000008', '2023-08-20 15:30:00', 170000),
('0900000009', '2023-09-25 09:20:00', 260000),
('0900000010', '2023-10-10 17:15:00', 300000),
('0900000011', '2023-11-05 08:30:00', 150000),
('0900000012', '2023-12-15 19:45:00', 180000),
('0900000013', '2023-11-10 11:50:00', 220000),
('0900000014', '2023-10-20 16:10:00', 300000),
('0900000015', '2023-09-15 10:30:00', 250000),
('0900000016', '2023-08-12 13:25:00', 180000),
('0900000017', '2023-07-05 15:45:00', 220000),
('0900000018', '2023-06-25 18:15:00', 170000),
('0900000019', '2023-05-30 20:30:00', 260000),
('0900000020', '2023-04-15 09:10:00', 300000),
('0900000021', '2023-03-20 14:20:00', 150000),
('0900000022', '2023-02-25 17:30:00', 180000),
('0900000023', '2023-01-22 19:00:00', 220000),
('0900000024', '2023-12-05 10:00:00', 300000),
('0900000025', '2023-11-11 11:30:00', 250000),
('0900000026', '2023-10-01 13:40:00', 180000),
('0900000027', '2023-09-08 15:50:00', 220000),
('0900000028', '2023-08-22 18:00:00', 170000),
('0900000029', '2023-07-30 20:15:00', 260000),
('0900000030', '2023-06-20 09:25:00', 300000),
('0900000031', '2023-05-15 11:00:00', 150000),
('0900000032', '2023-04-10 12:45:00', 180000),
('0900000033', '2023-03-05 14:20:00', 220000),
('0900000034', '2023-02-02 16:35:00', 300000),
('0900000035', '2023-01-12 19:50:00', 250000),
('0900000036', '2023-12-18 20:10:00', 180000),
('0900000037', '2023-11-07 09:15:00', 220000),
('0900000038', '2023-10-25 10:30:00', 170000),
('0900000039', '2023-09-15 13:45:00', 260000),
('0900000040', '2023-08-10 16:00:00', 300000),
('0900000041', '2023-07-01 18:10:00', 150000),
('0900000042', '2023-06-15 19:25:00', 180000),
('0900000043', '2023-05-20 09:50:00', 220000),
('0900000044', '2023-04-10 11:35:00', 300000),
('0900000045', '2023-03-25 13:20:00', 250000),
('0900000046', '2023-02-12 15:45:00', 180000),
('0900000047', '2023-01-18 17:10:00', 220000),
('0900000048', '2023-12-28 19:30:00', 170000),
('0900000049', '2023-11-05 20:45:00', 260000),
('0900000050', '2023-10-01 09:00:00', 300000);

-- Thêm dữ liệu vào bảng PHIEUMUAHANG
INSERT INTO PHIEUMUAHANG
VALUES
('PMH00001', '0900000001', '2023-01-10', '2023-01-30', 120000, 1),
('PMH00002', '0900000002', '2023-02-10', '2023-02-28', 150000, 1),
('PMH00003', '0900000003', '2023-03-01', '2023-03-15', 200000, 0),
('PMH00004', '0900000004', '2023-04-05', '2023-04-20', 300000, 1),
('PMH00005', '0900000005', '2023-05-10', '2023-05-30', 250000, 1),
('PMH00006', '0900000006', '2023-06-01', '2023-06-15', 180000, 0),
('PMH00007', '0900000007', '2023-07-01', '2023-07-20', 220000, 1),
('PMH00008', '0900000008', '2023-08-15', '2023-08-31', 170000, 0),
('PMH00009', '0900000009', '2023-09-10', '2023-09-25', 260000, 1),
('PMH00010', '0900000010', '2023-10-05', '2023-10-20', 300000, 1),
('PMH00011', '0900000011', '2023-11-01', '2023-11-15', 150000, 0),
('PMH00012', '0900000012', '2023-12-01', '2023-12-20', 180000, 1),
('PMH00013', '0900000013', '2023-11-10', '2023-11-25', 220000, 0),
('PMH00014', '0900000014', '2023-10-15', '2023-10-31', 300000, 1),
('PMH00015', '0900000015', '2023-09-01', '2023-09-15', 250000, 1),
('PMH00016', '0900000016', '2023-08-05', '2023-08-20', 180000, 0),
('PMH00017', '0900000017', '2023-07-01', '2023-07-15', 220000, 1),
('PMH00018', '0900000018', '2023-06-15', '2023-06-30', 170000, 0),
('PMH00019', '0900000019', '2023-05-10', '2023-05-25', 260000, 1),
('PMH00020', '0900000020', '2023-04-01', '2023-04-15', 300000, 1),
('PMH00021', '0900000021', '2023-03-10', '2023-03-30', 150000, 0),
('PMH00022', '0900000022', '2023-02-01', '2023-02-20', 180000, 1),
('PMH00023', '0900000023', '2023-01-01', '2023-01-15', 220000, 0),
('PMH00024', '0900000024', '2023-12-15', '2023-12-31', 300000, 1),
('PMH00025', '0900000025', '2023-11-01', '2023-11-20', 250000, 1),
('PMH00026', '0900000026', '2023-10-10', '2023-10-25', 180000, 0),
('PMH00027', '0900000027', '2023-09-15', '2023-09-30', 220000, 1),
('PMH00028', '0900000028', '2023-08-10', '2023-08-25', 170000, 0),
('PMH00029', '0900000029', '2023-07-05', '2023-07-20', 260000, 1),
('PMH00030', '0900000030', '2023-06-01', '2023-06-15', 300000, 1),
('PMH00031', '0900000031', '2023-05-01', '2023-05-20', 150000, 0),
('PMH00032', '0900000032', '2023-04-01', '2023-04-15', 180000, 1),
('PMH00033', '0900000033', '2023-03-01', '2023-03-20', 220000, 0),
('PMH00034', '0900000034', '2023-02-10', '2023-02-28', 300000, 1),
('PMH00035', '0900000035', '2023-01-15', '2023-01-30', 250000, 1),
('PMH00036', '0900000036', '2023-12-01', '2023-12-15', 180000, 0),
('PMH00037', '0900000037', '2023-11-10', '2023-11-25', 220000, 1),
('PMH00038', '0900000038', '2023-10-05', '2023-10-20', 170000, 0),
('PMH00039', '0900000039', '2023-09-01', '2023-09-15', 260000, 1),
('PMH00040', '0900000040', '2023-08-01', '2023-08-20', 300000, 1),
('PMH00041', '0900000041', '2023-07-01', '2023-07-15', 150000, 0),
('PMH00042', '0900000042', '2023-06-15', '2023-06-30', 180000, 1),
('PMH00043', '0900000043', '2023-05-10', '2023-05-25', 220000, 0),
('PMH00044', '0900000044', '2023-04-01', '2023-04-20', 300000, 1),
('PMH00045', '0900000045', '2023-03-15', '2023-03-31', 250000, 1),
('PMH00046', '0900000046', '2023-02-01', '2023-02-15', 180000, 0),
('PMH00047', '0900000047', '2023-01-01', '2023-01-20', 220000, 1),
('PMH00048', '0900000048', '2023-12-15', '2023-12-31', 170000, 0),
('PMH00049', '0900000049', '2023-11-01', '2023-11-15', 260000, 1),
('PMH00050', '0900000050', '2023-10-01', '2023-10-20', 300000, 1);

-- Thêm dữ liệu vào bảng DANHMUC
INSERT INTO DANHMUC
VALUES
(1, N'Điện tử'),
(2, N'Gia dụng'),
(3, N'Thực phẩm'),
(4, N'Mỹ phẩm'),
(5, N'Thiết bị văn phòng'),
(6, N'Xe cộ'),
(7, N'Nội thất'),
(8, N'Dụng cụ thể thao'),
(9, N'Quần áo'),
(10, N'Sách báo'),
(11, N'Đồ chơi trẻ em'),
(12, N'Đồ gia đình'),
(13, N'Thời trang'),
(14, N'Điện thoại'),
(15, N'Phụ kiện điện tử'),
(16, N'Hóa mỹ phẩm'),
(17, N'Dược phẩm'),
(18, N'Vật liệu xây dựng'),
(19, N'Chăm sóc sức khỏe'),
(20, N'Dịch vụ bảo hiểm'),
(21, N'Đồ uống'),
(22, N'Hàng tiêu dùng nhanh'),
(23, N'Dụng cụ học tập'),
(24, N'Dụng cụ làm bếp'),
(25, N'Sản phẩm hữu cơ'),
(26, N'Dịch vụ làm đẹp'),
(27, N'Đồ cũ'),
(28, N'Điện lạnh'),
(29, N'Phụ tùng ô tô'),
(30, N'Hàng nhập khẩu'),
(31, N'Thiết bị y tế'),
(32, N'Dịch vụ vận chuyển'),
(33, N'Thiết bị công nghiệp'),
(34, N'Dụng cụ cơ khí'),
(35, N'Văn phòng phẩm'),
(36, N'Hàng thủ công mỹ nghệ'),
(37, N'Thiết bị chiếu sáng'),
(38, N'Hàng thời vụ'),
(39, N'Thiết bị an ninh'),
(40, N'Hàng hóa kỹ thuật số'),
(41, N'Âm thanh & Hình ảnh'),
(42, N'Hàng trang trí nội thất'),
(43, N'Dụng cụ câu cá'),
(44, N'Thú cưng & Phụ kiện'),
(45, N'Sản phẩm chăm sóc tóc'),
(46, N'Dụng cụ sửa chữa'),
(47, N'Dịch vụ vệ sinh'),
(48, N'Sản phẩm làm đẹp'),
(49, N'Dịch vụ tổ chức sự kiện'),
(50, N'Dụng cụ thể dục');

-- Thêm dữ liệu vào bảng NHASX
INSERT INTO NHASX
VALUES
(1, 'Sony', '0909123456'),
(2, 'Samsung', '0908123456'),
(3, 'LG', '0907123456'),
(4, 'Panasonic', '0906123456'),
(5, 'Toshiba', '0905123456'),
(6, 'Apple', '0904123456'),
(7, 'Dell', '0903123456'),
(8, 'HP', '0902123456'),
(9, 'Asus', '0901123456'),
(10, 'Acer', '0900132456'),
(11, 'Lenovo', '0910123456'),
(12, 'Xiaomi', '0911123456'),
(13, 'Oppo', '0912123456'),
(14, 'Vivo', '0913123456'),
(15, 'Huawei', '0914123456'),
(16, 'Nokia', '0915123456'),
(17, 'Realme', '0916123456'),
(18, 'OnePlus', '0917123456'),
(19, 'Microsoft', '0918123456'),
(20, 'Google', '0919123456'),
(21, 'Sony Pictures', '0920123456'),
(22, 'Canon', '0921123456'),
(23, 'Nikon', '0922123456'),
(24, 'Fujifilm', '0923123456'),
(25, 'Kodak', '0924123456'),
(26, 'Casio', '0925123456'),
(27, 'Philips', '0926123456'),
(28, 'Sharp', '0927123456'),
(29, 'Hitachi', '0928123456'),
(30, 'Sanyo', '0929123456'),
(31, 'Beko', '0930123456'),
(32, 'Hisense', '0931123456'),
(33, 'Haier', '0932123456'),
(34, 'Bosch', '0933123456'),
(35, 'Dyson', '0934123456'),
(36, 'Midea', '0935123456'),
(37, 'Daikin', '0936123456'),
(38, 'Carrier', '0937123456'),
(39, 'Trane', '0938123456'),
(40, 'Whirlpool', '0939123456'),
(41, 'Electrolux', '0940123456'),
(42, 'KitchenAid', '0941123456'),
(43, 'Frigidaire', '0942123456'),
(44, 'GE Appliances', '0943123456'),
(45, 'Thermador', '0944123456'),
(46, 'Amana', '0945123456'),
(47, 'Sub-Zero', '0946123456'),
(48, 'Maytag', '0947123456'),
(49, 'Magic Chef', '0948123456'),
(50, 'Viking', '0949123456');

-- Thêm dữ liệu vào bảng SANPHAM
INSERT INTO SANPHAM
VALUES
(1, N'Sony TV 55 inch', N'TV màn hình phẳng 4K', 1, 15000000, 1, 50, 40),
(2, N'Samsung Galaxy S21', N'Điện thoại thông minh 128GB', 2, 20000000, 2, 30, 25),
(3, N'LG Máy giặt', N'Máy giặt cửa trước 7kg', 3, 7000000, 3, 40, 35),
(4, N'Panasonic Tủ lạnh', N'Tủ lạnh 300L', 4, 12000000, 4, 20, 15),
(5, N'Toshiba Laptop', N'Laptop Core i5 8GB RAM', 5, 15000000, 5, 10, 8),
(6, N'Apple iPhone 14', N'Điện thoại thông minh 256GB', 6, 25000000, 2, 50, 45),
(7, N'Dell XPS 13', N'Laptop cao cấp', 7, 30000000, 5, 10, 7),
(8, N'HP Printer', N'Máy in laser', 8, 5000000, 6, 20, 18),
(9, N'Asus ROG', N'Laptop chơi game', 9, 35000000, 7, 15, 10),
(10, N'Acer Swift 3', N'Laptop văn phòng', 10, 12000000, 5, 25, 20),
(11, N'Lenovo ThinkPad', N'Laptop doanh nhân', 11, 22000000, 5, 12, 10),
(12, N'Xiaomi Air Purifier', N'Máy lọc không khí', 12, 6000000, 8, 30, 28),
(13, N'Oppo Reno 6', N'Điện thoại chụp ảnh đẹp', 13, 10000000, 2, 50, 45),
(14, N'Vivo V21', N'Điện thoại selfie', 14, 8000000, 2, 60, 50),
(15, N'Huawei P40', N'Điện thoại 5G', 15, 12000000, 2, 40, 35),
(16, N'Nokia 3310', N'Điện thoại cơ bản', 16, 500000, 9, 100, 90),
(17, N'Realme C21', N'Điện thoại giá rẻ', 17, 4000000, 2, 70, 65),
(18, N'OnePlus 9', N'Điện thoại hiệu năng cao', 18, 15000000, 2, 30, 25),
(19, N'Microsoft Surface Pro', N'Máy tính bảng lai laptop', 19, 35000000, 5, 15, 12),
(20, N'Google Nest Hub', N'Thiết bị nhà thông minh', 20, 5000000, 6, 40, 38),
(21, N'Sony Camera', N'Máy ảnh mirrorless', 21, 25000000, 3, 20, 18),
(22, N'Canon EOS M50', N'Máy ảnh chụp chuyên nghiệp', 22, 20000000, 3, 15, 12),
(23, N'Nikon D3500', N'Máy ảnh DSLR', 23, 18000000, 3, 10, 8),
(24, N'Fujifilm Instax', N'Máy ảnh chụp lấy liền', 24, 3000000, 3, 30, 25),
(25, N'Kodak Printer', N'Máy in ảnh di động', 25, 2500000, 6, 20, 18),
(26, N'Casio G-Shock', N'Đồng hồ thể thao', 26, 3000000, 10, 50, 45),
(27, N'Philips Blender', N'Máy xay sinh tố', 27, 1500000, 6, 30, 28),
(28, N'Sharp Microwave', N'Lò vi sóng 20L', 28, 2000000, 6, 20, 18),
(29, N'Hitachi Máy lạnh', N'Máy lạnh 1.5HP', 29, 12000000, 4, 15, 12),
(30, N'Sanyo Quạt', N'Quạt đứng 3 cánh', 30, 1000000, 6, 40, 38),
(31, N'Beko Tủ đông', N'Tủ đông 200L', 31, 6000000, 4, 12, 10),
(32, N'Hisense TV', N'TV thông minh 50 inch', 32, 14000000, 1, 10, 8),
(33, N'Haier Máy nước nóng', N'Máy nước nóng trực tiếp', 33, 3000000, 6, 20, 18),
(34, N'Bosch Máy rửa chén', N'Máy rửa chén gia đình', 34, 25000000, 6, 8, 6),
(35, N'Dyson Máy hút bụi', N'Máy hút bụi không dây', 35, 12000000, 6, 15, 12),
(36, N'Midea Máy xay thịt', N'Máy xay thịt gia đình', 36, 2000000, 6, 25, 20),
(37, N'Daikin Máy lạnh', N'Máy lạnh inverter', 37, 15000000, 4, 12, 10),
(38, N'Carrier Máy lạnh', N'Máy lạnh công suất lớn', 38, 25000000, 4, 10, 8),
(39, N'Trane Máy lạnh', N'Máy lạnh trung tâm', 39, 50000000, 4, 5, 3),
(40, N'Whirlpool Máy giặt', N'Máy giặt sấy 9kg', 40, 20000000, 3, 10, 8),
(41, N'Electrolux Máy giặt', N'Máy giặt cửa ngang', 41, 12000000, 3, 15, 12),
(42, N'KitchenAid Máy trộn', N'Máy trộn thực phẩm', 42, 10000000, 6, 10, 8),
(43, N'Frigidaire Tủ lạnh', N'Tủ lạnh side-by-side', 43, 25000000, 4, 5, 4),
(44, N'GE Appliances Máy rửa chén', N'Máy rửa chén công nghiệp', 44, 30000000, 6, 3, 2),
(45, N'Thermador Lò nướng', N'Lò nướng âm tủ', 45, 40000000, 6, 5, 4),
(46, N'Amana Tủ lạnh', N'Tủ lạnh ngăn đá dưới', 46, 15000000, 4, 10, 8),
(47, N'Sub-Zero Tủ lạnh', N'Tủ lạnh cao cấp', 47, 100000000, 4, 3, 2),
(48, N'Maytag Máy sấy', N'Máy sấy quần áo', 48, 20000000, 3, 8, 6),
(49, N'Magic Chef Lò vi sóng', N'Lò vi sóng mini', 49, 1500000, 6, 20, 18),
(50, N'Viking Lò nướng', N'Lò nướng chuyên nghiệp', 50, 50000000, 6, 2, 1);


-- Thêm dữ liệu vào bảng KHUYENMAI
INSERT INTO KHUYENMAI
VALUES
('KM_FLASH_JUN2024', 1, 10.0, '2024-06-01', '2024-06-15', 50),
('KM_COMBO_JUN2024', 2, 15.0, '2024-06-10', '2024-06-25', 30),
('KM_MEMBER_JUN2024', 3, 20.0, '2024-06-01', '2024-06-30', 100),
('KM_FLASH_JUL2024', 1, 12.0, '2024-07-01', '2024-07-15', 40),
('KM_COMBO_JUL2024', 2, 18.0, '2024-07-10', '2024-07-25', 25),
('KM_MEMBER_JUL2024', 3, 22.0, '2024-07-01', '2024-07-31', 120),
('KM_FLASH_AUG2024', 1, 8.0, '2024-08-01', '2024-08-15', 35),
('KM_COMBO_AUG2024', 2, 20.0, '2024-08-10', '2024-08-25', 30),
('KM_MEMBER_AUG2024', 3, 25.0, '2024-08-01', '2024-08-31', 150);

-- Thêm dữ liệu vào bảng KHUYENMAI_KHACHHANG
INSERT INTO KHUYENMAI_KHACHHANG
VALUES
(1, N'THÂN THIẾT', 5),
(1, N'ĐỒNG', 10),
(1, N'BẠC', 15),
(1, N'VÀNG', 20),
(1, N'KIM CƯƠNG', 25),
(2, N'THÂN THIẾT', 5),
(2, N'ĐỒNG', 10),
(2, N'BẠC', 15),
(2, N'VÀNG', 20),
(2, N'KIM CƯƠNG', 25),
(3, N'THÂN THIẾT', 10),
(3, N'ĐỒNG', 15),
(3, N'BẠC', 20),
(3, N'VÀNG', 25),
(3, N'KIM CƯƠNG', 30),
(4, N'THÂN THIẾT', 5),
(4, N'ĐỒNG', 10),
(4, N'BẠC', 15),
(4, N'VÀNG', 20),
(4, N'KIM CƯƠNG', 25),
(5, N'THÂN THIẾT', 10),
(5, N'ĐỒNG', 15),
(5, N'BẠC', 20),
(5, N'VÀNG', 25),
(5, N'KIM CƯƠNG', 30),
(6, N'THÂN THIẾT', 10),
(6, N'ĐỒNG', 20),
(6, N'BẠC', 25),
(6, N'VÀNG', 30),
(6, N'KIM CƯƠNG', 35),
(7, N'THÂN THIẾT', 15),
(7, N'ĐỒNG', 20),
(7, N'BẠC', 25),
(7, N'VÀNG', 30),
(7, N'KIM CƯƠNG', 35),
(8, N'THÂN THIẾT', 10),
(8, N'ĐỒNG', 20),
(8, N'BẠC', 30),
(8, N'VÀNG', 35),
(8, N'KIM CƯƠNG', 40),
(9, N'THÂN THIẾT', 20),
(9, N'ĐỒNG', 30),
(9, N'BẠC', 35),
(9, N'VÀNG', 40),
(9, N'KIM CƯƠNG', 45),
(10, N'THÂN THIẾT', 15),
(10, N'ĐỒNG', 25),
(10, N'BẠC', 30),
(10, N'VÀNG', 35),
(10, N'KIM CƯƠNG', 40);

-- Thêm dữ liệu vào bảng SANPHAM_KHUYENMAI
INSERT INTO SANPHAM_KHUYENMAI
VALUES
(1, 'KM_FLASH_JUN2024'),
(1, 'KM_MEMBER_JUN2024'),
(2, 'KM_COMBO_JUN2024'),
(3, 'KM_FLASH_JUL2024'),
(4, 'KM_MEMBER_JUL2024'),
(5, 'KM_COMBO_JUL2024'),
(6, 'KM_FLASH_AUG2024'),
(7, 'KM_MEMBER_AUG2024'),
(8, 'KM_COMBO_AUG2024'),
(9, 'KM_FLASH_JUN2024'),
(10, 'KM_MEMBER_JUN2024'),
(11, 'KM_COMBO_JUN2024'),
(12, 'KM_FLASH_JUL2024'),
(13, 'KM_MEMBER_JUL2024'),
(14, 'KM_COMBO_JUL2024'),
(15, 'KM_FLASH_AUG2024'),
(16, 'KM_MEMBER_AUG2024'),
(17, 'KM_COMBO_AUG2024'),
(18, 'KM_FLASH_JUN2024'),
(19, 'KM_MEMBER_JUN2024'),
(20, 'KM_COMBO_JUN2024'),
(21, 'KM_FLASH_JUL2024'),
(22, 'KM_MEMBER_JUL2024'),
(23, 'KM_COMBO_JUL2024'),
(24, 'KM_FLASH_AUG2024'),
(25, 'KM_MEMBER_AUG2024'),
(26, 'KM_COMBO_AUG2024'),
(27, 'KM_FLASH_JUN2024'),
(28, 'KM_MEMBER_JUN2024'),
(29, 'KM_COMBO_JUN2024'),
(30, 'KM_FLASH_JUL2024'),
(31, 'KM_MEMBER_JUL2024'),
(32, 'KM_COMBO_JUL2024'),
(33, 'KM_FLASH_AUG2024'),
(34, 'KM_MEMBER_AUG2024'),
(35, 'KM_COMBO_AUG2024'),
(36, 'KM_FLASH_JUN2024'),
(37, 'KM_MEMBER_JUN2024'),
(38, 'KM_COMBO_JUN2024'),
(39, 'KM_FLASH_JUL2024'),
(40, 'KM_MEMBER_JUL2024'),
(41, 'KM_COMBO_JUL2024'),
(42, 'KM_FLASH_AUG2024'),
(43, 'KM_MEMBER_AUG2024'),
(44, 'KM_COMBO_AUG2024'),
(45, 'KM_FLASH_JUN2024'),
(46, 'KM_MEMBER_JUN2024'),
(47, 'KM_COMBO_JUN2024'),
(48, 'KM_FLASH_JUL2024'),
(49, 'KM_MEMBER_JUL2024'),
(50, 'KM_COMBO_JUL2024');

-- Thêm dữ liệu vào bảng DONHANG
INSERT INTO DONHANG
VALUES
(1, '0900000001', '2024-01-01 10:00:00', 150000),
(2, '0900000002', '2024-01-02 11:00:00', 250000),
(3, '0900000003', '2024-01-03 09:30:00', 350000),
(4, '0900000004', '2024-01-04 14:00:00', 450000),
(5, '0900000005', '2024-01-05 16:30:00', 550000),
(6, '0900000006', '2024-01-06 10:15:00', 650000),
(7, '0900000007', '2024-01-07 12:45:00', 750000),
(8, '0900000008', '2024-01-08 13:30:00', 850000),
(9, '0900000009', '2024-01-09 15:00:00', 950000),
(10, '0900000010', '2024-01-10 17:00:00', 1050000),
(11, '0900000011', '2024-01-11 18:00:00', 1150000),
(12, '0900000012', '2024-01-12 19:30:00', 1250000),
(13, '0900000013', '2024-01-13 20:00:00', 1350000),
(14, '0900000014', '2024-01-14 21:00:00', 1450000),
(15, '0900000015', '2024-01-15 08:30:00', 1550000),
(16, '0900000016', '2024-01-16 09:45:00', 1650000),
(17, '0900000017', '2024-01-17 10:00:00', 1750000),
(18, '0900000018', '2024-01-18 11:00:00', 1850000),
(19, '0900000019', '2024-01-19 12:30:00', 1950000),
(20, '0900000020', '2024-01-20 13:00:00', 2050000),
(21, '0900000021', '2024-01-21 14:00:00', 2150000),
(22, '0900000022', '2024-01-22 15:00:00', 2250000),
(23, '0900000023', '2024-01-23 16:00:00', 2350000),
(24, '0900000024', '2024-01-24 17:00:00', 2450000),
(25, '0900000025', '2024-01-25 18:30:00', 2550000),
(26, '0900000026', '2024-01-26 19:00:00', 2650000),
(27, '0900000027', '2024-01-27 20:00:00', 2750000),
(28, '0900000028', '2024-01-28 21:00:00', 2850000),
(29, '0900000029', '2024-01-29 08:30:00', 2950000),
(30, '0900000030', '2024-01-30 09:45:00', 3050000),
(31, '0900000031', '2024-02-01 10:00:00', 3150000),
(32, '0900000032', '2024-02-02 11:00:00', 3250000),
(33, '0900000033', '2024-02-03 12:30:00', 3350000),
(34, '0900000034', '2024-02-04 13:00:00', 3450000),
(35, '0900000035', '2024-02-05 14:00:00', 3550000),
(36, '0900000036', '2024-02-06 15:00:00', 3650000),
(37, '0900000037', '2024-02-07 16:00:00', 3750000),
(38, '0900000038', '2024-02-08 17:00:00', 3850000),
(39, '0900000039', '2024-02-09 18:30:00', 3950000),
(40, '0900000040', '2024-02-10 19:00:00', 4050000),
(41, '0900000041', '2024-02-11 20:00:00', 4150000),
(42, '0900000042', '2024-02-12 21:00:00', 4250000),
(43, '0900000043', '2024-02-13 08:30:00', 4350000),
(44, '0900000044', '2024-02-14 09:45:00', 4450000),
(45, '0900000045', '2024-02-15 10:00:00', 4550000),
(46, '0900000046', '2024-02-16 11:00:00', 4650000),
(47, '0900000047', '2024-02-17 12:30:00', 4750000),
(48, '0900000048', '2024-02-18 13:00:00', 4850000),
(49, '0900000049', '2024-02-19 14:00:00', 4950000),
(50, '0900000050', '2024-02-20 15:00:00', 5050000);


-- Thêm dữ liệu vào bảng CHI_TIET_DON_HANG
INSERT INTO CHITIETDONHANG
VALUES
(5, 1, 2, null, null),
(5, 3, 2, null, null),
(5, 9, 2, null, null),
(5, 12, 2, null, null),
(5, 15, 2, null, null);

INSERT INTO CHITIETDONHANG
VALUES
(1, 1, 2, 75000, '1'),
(1, 2, 1, 100000, '1'),
(2, 3, 3, 70000, '2'),
(2, 4, 1, 80000, '2'),
(3, 5, 2, 150000, '3'),
(3, 6, 3, 200000, '3'),
(4, 7, 1, 50000, '4'),
(4, 8, 2, 75000, '4'),
(5, 9, 1, 60000, '5'),
(5, 10, 1, 100000, '5'),
(6, 11, 2, 45000, '6'),
(6, 12, 1, 95000, '6'),
(7, 13, 1, 50000, '7'),
(7, 14, 2, 80000, '7'),
(8, 15, 1, 60000, '8'),
(8, 16, 3, 85000, '8'),
(9, 17, 1, 90000, '9'),
(9, 18, 2, 75000, '9'),
(10, 19, 2, 60000, '10'),
(10, 20, 1, 80000, '10'),
(11, 1, 3, 120000, '2'),
(11, 2, 2, 75000, '3'),
(12, 3, 1, 50000, '4'),
(12, 4, 2, 80000, '5'),
(13, 5, 1, 60000, '6'),
(13, 6, 3, 85000, '7'),
(14, 7, 2, 90000, '8'),
(14, 8, 1, 75000, '9'),
(15, 9, 3, 60000, '10'),
(15, 10, 2, 120000, '1'),
(16, 11, 1, 150000, '2'),
(16, 12, 2, 95000, '3'),
(17, 13, 1, 50000, '4'),
(17, 14, 3, 80000, '5'),
(18, 15, 2, 60000, '6'),
(18, 16, 1, 85000, '7'),
(19, 17, 3, 90000, '8'),
(19, 18, 2, 75000, '9'),
(20, 19, 1, 60000, '10'),
(20, 20, 3, 120000, '1'),
(21, 1, 2, 75000, '2'),
(21, 2, 3, 100000, '3'),
(22, 3, 1, 70000, '4'),
(22, 4, 2, 80000, '5'),
(23, 5, 3, 150000, '6'),
(23, 6, 1, 200000, '7'),
(24, 7, 2, 50000, '8'),
(24, 8, 3, 75000, '9'),
(25, 9, 1, 60000, '10'),
(25, 10, 2, 100000, '1');

-- Thêm dữ liệu vào bảng DONDATHANG
INSERT INTO DONDATHANG
VALUES
('DDH001', 1, '2024-01-01', N'Đang xử lý', 50, 1),
('DDH002', 2, '2024-01-02', N'Đã giao', 30, 2),
('DDH003', 3, '2024-01-03', N'Giao thiếu', 60, 3),
('DDH004', 4, '2024-01-04', N'Đã giao', 20, 4),
('DDH005', 5, '2024-01-05', N'Đang xử lý', 10, 5),
('DDH006', 6, '2024-01-06', N'Giao thiếu', 80, 6),
('DDH007', 7, '2024-01-07', N'Đã giao', 40, 7),
('DDH008', 8, '2024-01-08', N'Đang xử lý', 70, 8),
('DDH009', 9, '2024-01-09', N'Giao thiếu', 30, 9),
('DDH010', 10, '2024-01-10', N'Đã giao', 20, 10),
('DDH011', 11, '2024-01-11', N'Đang xử lý', 50, 1),
('DDH012', 12, '2024-01-12', N'Giao thiếu', 30, 2),
('DDH013', 13, '2024-01-13', N'Đã giao', 60, 3),
('DDH014', 14, '2024-01-14', N'Đang xử lý', 20, 4),
('DDH015', 15, '2024-01-15', N'Giao thiếu', 10, 5),
('DDH016', 16, '2024-01-16', N'Đã giao', 80, 6),
('DDH017', 17, '2024-01-17', N'Đang xử lý', 40, 7),
('DDH018', 18, '2024-01-18', N'Đã giao', 70, 8),
('DDH019', 19, '2024-01-19', N'Giao thiếu', 30, 9),
('DDH020', 20, '2024-01-20', N'Đang xử lý', 20, 10),
('DDH021', 1, '2024-01-21', N'Giao thiếu', 50, 1),
('DDH022', 2, '2024-01-22', N'Đã giao', 30, 2),
('DDH023', 3, '2024-01-23', N'Đang xử lý', 60, 3),
('DDH024', 4, '2024-01-24', N'Đã giao', 20, 4),
('DDH025', 5, '2024-01-25', N'Giao thiếu', 10, 5),
('DDH026', 6, '2024-01-26', N'Đang xử lý', 80, 6),
('DDH027', 7, '2024-01-27', N'Đã giao', 40, 7),
('DDH028', 8, '2024-01-28', N'Giao thiếu', 70, 8),
('DDH029', 9, '2024-01-29', N'Đang xử lý', 30, 9),
('DDH030', 10, '2024-01-30', N'Đã giao', 20, 10),
('DDH031', 11, '2024-01-31', N'Đang xử lý', 50, 1),
('DDH032', 12, '2024-02-01', N'Giao thiếu', 30, 2),
('DDH033', 13, '2024-02-02', N'Đã giao', 60, 3),
('DDH034', 14, '2024-02-03', N'Đang xử lý', 20, 4),
('DDH035', 15, '2024-02-04', N'Giao thiếu', 10, 5),
('DDH036', 16, '2024-02-05', N'Đã giao', 80, 6),
('DDH037', 17, '2024-02-06', N'Đang xử lý', 40, 7),
('DDH038', 18, '2024-02-07', N'Đã giao', 70, 8),
('DDH039', 19, '2024-02-08', N'Giao thiếu', 30, 9),
('DDH040', 20, '2024-02-09', N'Đang xử lý', 20, 10),
('DDH041', 1, '2024-02-10', N'Đang xử lý', 50, 1),
('DDH042', 2, '2024-02-11', N'Đã giao', 30, 2),
('DDH043', 3, '2024-02-12', N'Giao thiếu', 60, 3),
('DDH044', 4, '2024-02-13', N'Đã giao', 20, 4),
('DDH045', 5, '2024-02-14', N'Giao thiếu', 10, 5),
('DDH046', 6, '2024-02-15', N'Đang xử lý', 80, 6),
('DDH047', 7, '2024-02-16', N'Đã giao', 40, 7),
('DDH048', 8, '2024-02-17', N'Giao thiếu', 70, 8),
('DDH049', 9, '2024-02-18', N'Đang xử lý', 30, 9),
('DDH050', 10, '2024-02-19', N'Đã giao', 20, 10);

-- Thêm dữ liệu vào bảng NHANHANG
INSERT INTO NHANHANG
VALUES
('NH001', 'DDH001', '2024-01-02', 50),
('NH002', 'DDH002', '2024-01-03', 30),
('NH003', 'DDH003', '2024-01-04', 60),
('NH004', 'DDH004', '2024-01-05', 20),
('NH005', 'DDH005', '2024-01-06', 10),
('NH006', 'DDH006', '2024-01-07', 80),
('NH007', 'DDH007', '2024-01-08', 40),
('NH008', 'DDH008', '2024-01-09', 70),
('NH009', 'DDH009', '2024-01-10', 30),
('NH010', 'DDH010', '2024-01-11', 20),
('NH011', 'DDH011', '2024-01-12', 50),
('NH012', 'DDH012', '2024-01-13', 30),
('NH013', 'DDH013', '2024-01-14', 60),
('NH014', 'DDH014', '2024-01-15', 20),
('NH015', 'DDH015', '2024-01-16', 10),
('NH016', 'DDH016', '2024-01-17', 80),
('NH017', 'DDH017', '2024-01-18', 40),
('NH018', 'DDH018', '2024-01-19', 70),
('NH019', 'DDH019', '2024-01-20', 30),
('NH020', 'DDH020', '2024-01-21', 20),
('NH021', 'DDH021', '2024-01-22', 50),
('NH022', 'DDH022', '2024-01-23', 30),
('NH023', 'DDH023', '2024-01-24', 60),
('NH024', 'DDH024', '2024-01-25', 20),
('NH025', 'DDH025', '2024-01-26', 10),
('NH026', 'DDH026', '2024-01-27', 80),
('NH027', 'DDH027', '2024-01-28', 40),
('NH028', 'DDH028', '2024-01-29', 70),
('NH029', 'DDH029', '2024-01-30', 30),
('NH030', 'DDH030', '2024-01-31', 20),
('NH031', 'DDH031', '2024-02-01', 50),
('NH032', 'DDH032', '2024-02-02', 30),
('NH033', 'DDH033', '2024-02-03', 60),
('NH034', 'DDH034', '2024-02-04', 20),
('NH035', 'DDH035', '2024-02-05', 10),
('NH036', 'DDH036', '2024-02-06', 80),
('NH037', 'DDH037', '2024-02-07', 40),
('NH038', 'DDH038', '2024-02-08', 70),
('NH039', 'DDH039', '2024-02-09', 30),
('NH040', 'DDH040', '2024-02-10', 20),
('NH041', 'DDH041', '2024-02-11', 50),
('NH042', 'DDH042', '2024-02-12', 30),
('NH043', 'DDH043', '2024-02-13', 60),
('NH044', 'DDH044', '2024-02-14', 20),
('NH045', 'DDH045', '2024-02-15', 10),
('NH046', 'DDH046', '2024-02-16', 80),
('NH047', 'DDH047', '2024-02-17', 40),
('NH048', 'DDH048', '2024-02-18', 70),
('NH049', 'DDH049', '2024-02-19', 30),
('NH050', 'DDH050', '2024-02-20', 20);


-- Thêm dữ liệu vào bảng BAOCAONGAY
INSERT INTO BAOCAONGAY
VALUES
('2024-01-01', 20, 5000000),
('2024-01-02', 30, 7500000),
('2024-01-03', 25, 6200000),
('2024-01-04', 28, 6800000),
('2024-01-05', 22, 5400000),
('2024-01-06', 35, 8500000),
('2024-01-07', 40, 9700000),
('2024-01-08', 38, 9200000),
('2024-01-09', 27, 6900000),
('2024-01-10', 32, 7800000),
('2024-01-11', 30, 7500000),
('2024-01-12', 28, 7000000),
('2024-01-13', 36, 8800000),
('2024-01-14', 29, 7100000),
('2024-01-15', 34, 8400000),
('2024-01-16', 41, 9900000),
('2024-01-17', 43, 10300000),
('2024-01-18', 37, 8900000),
('2024-01-19', 26, 6700000),
('2024-01-20', 33, 7500000),
('2024-01-21', 31, 7400000),
('2024-01-22', 35, 8200000),
('2024-01-23', 40, 9000000),
('2024-01-24', 29, 7000000),
('2024-01-25', 28, 6800000),
('2024-01-26', 34, 8100000),
('2024-01-27', 38, 8700000),
('2024-01-28', 39, 8800000),
('2024-01-29', 30, 7500000),
('2024-01-30', 37, 8600000),
('2024-01-31', 33, 8000000),
('2024-02-01', 32, 7800000),
('2024-02-02', 36, 8300000),
('2024-02-03', 31, 7700000),
('2024-02-04', 27, 6800000),
('2024-02-05', 30, 7200000),
('2024-02-06', 40, 9500000),
('2024-02-07', 41, 9700000),
('2024-02-08', 43, 9900000),
('2024-02-09', 42, 9800000),
('2024-02-10', 39, 9100000),
('2024-02-11', 38, 8900000),
('2024-02-12', 29, 7100000),
('2024-02-13', 30, 7200000),
('2024-02-14', 35, 8200000),
('2024-02-15', 40, 9300000),
('2024-02-16', 31, 7700000),
('2024-02-17', 33, 8100000),
('2024-02-18', 28, 7000000),
('2024-02-19', 34, 8200000),
('2024-02-20', 36, 8600000);

-- Thêm dữ liệu vào bảng BAOCAOSP
INSERT INTO BAOCAOSP
VALUES
('2024-01-01', 1, 10, 5),
('2024-01-01', 2, 15, 7),
('2024-01-01', 3, 20, 10),
('2024-01-02', 1, 5, 3),
('2024-01-02', 4, 12, 6),
('2024-01-02', 5, 8, 4),
('2024-01-03', 2, 14, 9),
('2024-01-03', 3, 10, 5),
('2024-01-03', 6, 9, 4),
('2024-01-04', 1, 18, 11),
('2024-01-04', 4, 13, 7),
('2024-01-04', 7, 20, 12),
('2024-01-05', 2, 11, 6),
('2024-01-05', 8, 15, 8),
('2024-01-05', 9, 10, 5),
('2024-01-06', 1, 25, 14),
('2024-01-06', 2, 20, 10),
('2024-01-06', 3, 18, 12),
('2024-01-07', 4, 30, 15),
('2024-01-07', 5, 22, 13),
('2024-01-07', 6, 19, 10),
('2024-01-08', 7, 20, 14),
('2024-01-08', 8, 25, 16),
('2024-01-08', 9, 18, 9),
('2024-01-09', 1, 10, 7),
('2024-01-09', 2, 12, 8),
('2024-01-09', 3, 14, 10),
('2024-01-10', 4, 20, 11),
('2024-01-10', 5, 15, 8),
('2024-01-10', 6, 10, 6),
('2024-01-11', 1, 13, 9),
('2024-01-11', 2, 11, 6),
('2024-01-11', 3, 18, 12),
('2024-01-12', 4, 19, 11),
('2024-01-12', 5, 16, 8),
('2024-01-12', 6, 22, 13),
('2024-01-13', 7, 20, 14),
('2024-01-13', 8, 25, 16),
('2024-01-13', 9, 10, 5),
('2024-01-14', 1, 30, 18),
('2024-01-14', 2, 12, 7),
('2024-01-14', 3, 15, 9),
('2024-01-15', 4, 20, 13),
('2024-01-15', 5, 10, 6),
('2024-01-15', 6, 18, 11),
('2024-01-16', 7, 22, 14),
('2024-01-16', 8, 15, 8),
('2024-01-16', 9, 25, 18),
('2024-01-17', 1, 20, 14),
('2024-01-17', 2, 18, 12),
('2024-01-17', 3, 15, 9);